--SQL 새 계정 만들기
--
--CMD 관리자 모드로 실행
--
--SQLPLUS
--
--SYSTEM    123456
--
--CREATE USER HCH IDENTIFIED BY 123456;
--
--GRANT CONNECT,RESOURCE,DBA TO HCH

--1번문제
CREATE TABLE PRODUCT(
P_CODE  CHAR(3),
P_NAME  VARCHAR2(30),
P_COST  NUMBER,
P_GROUP VARCHAR2(30),
CONSTRAINT PK_P_CODE PRIMARY KEY(P_CODE));

--2번문제
DESC PRODUCT;

--3번문제
INSERT INTO PRODUCT VALUES ('101','19인치 모니터',150000,'모니터');
INSERT INTO PRODUCT VALUES ('102','22인치 모니터',200000,'모니터');
INSERT INTO PRODUCT VALUES ('103','25인치 모니터',260000,'모니터');
INSERT INTO PRODUCT VALUES ('201','유선마우스',7000,'마우스');
INSERT INTO PRODUCT VALUES ('202','무선마우스',18000,'마우스');
INSERT INTO PRODUCT VALUES ('301','유선키보드',8000,'키보드');
INSERT INTO PRODUCT VALUES ('302','무선키보드',22000,'키보드');
INSERT INTO PRODUCT VALUES ('401','2채널 스피커',10000,'스피커');
INSERT INTO PRODUCT VALUES ('402','5.1채널 스피커',120000,'스피커');

--4번문제
SELECT * FROM PRODUCT;

--5번문제
CREATE TABLE TRADE(
T_SEQ   NUMBER,
P_CODE  CHAR(3),
C_CODE  VARCHAR2(4),
T_DATE  DATE,
T_QTY   NUMBER,
T_COST  NUMBER,
T_TAX   NUMBER,
CONSTRAINT PK_T_SEQ PRIMARY KEY(T_SEQ));

--6번문제
DESC TRADE;

--7번문제
INSERT INTO TRADE VALUES(61,'131','101',TO_DATE('2016-04-01','YYYY-MM-DD'),10,150000,150000);
INSERT INTO TRADE VALUES(5,'102','102',TO_DATE('2016-04-26','YYYY-MM-DD'),8,200000,150000);
INSERT INTO TRADE VALUES(8,'103','101',TO_DATE('2016-05-20','YYYY-MM-DD'),2,260000,150000);
INSERT INTO TRADE VALUES(3,'201','103',TO_DATE('2016-04-13','YYYY-MM-DD'),7,7000,150000);
INSERT INTO TRADE VALUES(2,'201','201',TO_DATE('2016-04-12','YYYY-MM-DD'),5,7000,150000);
INSERT INTO TRADE VALUES(9,'202','104',TO_DATE('2016-06-02','YYYY-MM-DD'),8,18000,150000);
INSERT INTO TRADE VALUES(6,'301','103',TO_DATE('2016-05-02','YYYY-MM-DD'),12,8000,150000);
INSERT INTO TRADE VALUES(10,'302','103',TO_DATE('2016-06-09','YYYY-MM-DD'),9,22000,150000);
INSERT INTO TRADE VALUES(4,'401','104',TO_DATE('2016-04-20','YYYY-MM-DD'),15,10000,150000);
INSERT INTO TRADE VALUES(11,'401','105',TO_DATE('2016-06-15','YYYY-MM-DD'),20,10000,150000);
INSERT INTO TRADE VALUES(7,'402','102',TO_DATE('2016-05-08','YYYY-MM-DD'),5,120000,150000);

--8번문제
SELECT * FROM TRADE;

--9번문제
CREATE TABLE CUSTOMER(
C_CODE  VARCHAR2(4),
C_NAME  VARCHAR2(30),
C_CEO   VARCHAR2(12),
C_ADDR  VARCHAR2(100),
C_PHONE VARCHAR2(13),
CONSTRAINT PK_C_CODE PRIMARY KEY (C_CODE));

--10번문제
DESC CUSTOMER;

--11번문제
INSERT INTO CUSTOMER VALUES('101','늘푸른회사','김수종','경기도 안산시','010-1234-5678');
INSERT INTO CUSTOMER VALUES('102','사랑과바다','박나리','경기도 평택시','010-1122-3344');
INSERT INTO CUSTOMER VALUES('103','대한회사','이민수','서울시 구로구','010-3785-8809');
INSERT INTO CUSTOMER VALUES('104','하얀기판','허진수','경상북도 포항시','010-8569-3468');
INSERT INTO CUSTOMER VALUES('105','한마음한뜻','하민우','인천시 남동구','010-9455-6033');

--12번문제
SELECT * FROM CUSTOMER;

--13번문제
CREATE TABLE STOCK(
P_CODE      CHAR(3),
S_QTY       NUMBER,
S_LASTDATE  DATE,
CONSTRAINT PK_P_CODE_S_QTY PRIMARY KEY(P_CODE,S_QTY));

--14번문제
DESC STOCK;

--15번문제
INSERT INTO STOCK VALUES('101',50,TO_DATE('2016-04-01','YYYY-MM-DD'));
INSERT INTO STOCK VALUES('102',20,TO_DATE('2016-04-26','YYYY-MM-DD'));
INSERT INTO STOCK VALUES('103',5,TO_DATE('2016-05-20','YYYY-MM-DD'));
INSERT INTO STOCK VALUES('201',2,TO_DATE('2016-04-13','YYYY-MM-DD'));
INSERT INTO STOCK VALUES('202',15,TO_DATE('2016-06-02','YYYY-MM-DD'));
INSERT INTO STOCK VALUES('301',0,TO_DATE('2016-05-02','YYYY-MM-DD'));
INSERT INTO STOCK VALUES('302',20,TO_DATE('2016-06-09','YYYY-MM-DD'));
INSERT INTO STOCK VALUES('401',10,TO_DATE('2016-06-15','YYYY-MM-DD'));
INSERT INTO STOCK VALUES('402',7,TO_DATE('2016-05-08','YYYY-MM-DD'));

--16번문제
SELECT * FROM STOCK;

--17번문제
ALTER TABLE PRODUCT
ADD(비고 VARCHAR2(20));

--18번문제
SELECT * FROM PRODUCT;

--19번문제
ALTER TABLE PRODUCT
MODIFY(비고 NUMBER);

--20번문제
DESC PRODUCT;

--21번문제
ALTER TABLE PRODUCT
DROP(비고);

--22번문제
DESC PRODUCT;

--23번문제
RENAME PRODUCT TO PRODUCT1;

--24번문제
SELECT TABLE_NAME FROM USER_TABLES;

--25번문제
DELETE PRODUCT1;

--26번문제
SELECT * FROM PRODUCT1;

--27번문제
DROP TABLE PRODUCT1;

--28번문제
SELECT TABLE_NAME FROM USER_TABLES;

--29번문제
--PASS!!

--30번문제
CREATE VIEW V_TRADE
AS
SELECT * FROM TRADE
WHERE P_CODE=401;

--31번문제
SELECT * FROM V_TRADE;

--32번문제
SELECT C_CODE FROM TRADE
WHERE T_DATE = (SELECT MAX(T_DATE) FROM TRADE);
